pack_category,pack_name,korean,translation
ğŸ‡¬ğŸ‡§ TC4,B1 - ìœ í–‰,ë©‹ìŸì´,stylish person / dandy
ğŸ‡¬ğŸ‡§ TC4,B1 - ìœ í–‰,ìƒí‘œ/ë¸Œëœë“œ,trademark / brand
ğŸ‡¬ğŸ‡§ TC4,B1 - ìœ í–‰,ì•¡ì„¸ì„œë¦¬,accessories
ğŸ‡¬ğŸ‡§ TC4,B1 - ìœ í–‰,íŒ¨ì…˜ ê°ê°,fashion sense
ğŸ‡¬ğŸ‡§ TC4,B1 - ìœ í–‰,ì‹ ìƒí’ˆ,new arrival / new product
ğŸ‡¬ğŸ‡§ TC4,B1 - ìœ í–‰,ì˜ìƒ/ë³µì¥,outfit / attire / clothing
ğŸ‡¬ğŸ‡§ TC4,B1 - ìœ í–‰,íŒ¨ì…˜ ì†Œí’ˆ,fashion items / accessories
ğŸ‡¬ğŸ‡§ TC4,B1 - ìœ í–‰,ë””ìì¸,design
ğŸ‡¬ğŸ‡§ TC4,B1 - ìœ í–‰,ì˜·ë§µì‹œ / ìŠ¤íƒ€ì¼,style / the way clothes fit
ğŸ‡¬ğŸ‡§ TC4,B1 - ìœ í–‰,ê°œì„±,individuality / personality
ğŸ‡¬ğŸ‡§ TC4,B1 - ìœ í–‰,ë³µê³ í’,retro style / throwback
ğŸ‡¬ğŸ‡§ TC4,B1 - ìœ í–‰,ë¨¸ë¦¬ë¥¼ í•˜ë‹¤,get one's hair done
ğŸ‡¬ğŸ‡§ TC4,B1 - ìœ í–‰,ì—¼ìƒ‰ì„ í•˜ë‹¤,dye one's hair
ğŸ‡¬ğŸ‡§ TC4,B1 - ìœ í–‰,íŒŒë§ˆ/ ì›¨ì´ë¸Œ,perm / waves
ğŸ‡¬ğŸ‡§ TC4,B1 - ìœ í–‰,í”¼ë¶€ ê´€ë¦¬,skin care
ğŸ‡¬ğŸ‡§ TC4,B1 - ìœ í–‰,ë§ˆì‚¬ì§€ë¥¼ í•˜ë‹¤,get/give a massage
ğŸ‡¬ğŸ‡§ TC4,B1 - ìœ í–‰,í™”ì¥ë²•/ë©”ì´í¬ì—…,makeup method / makeup
ğŸ‡¬ğŸ‡§ TC4,B1 - ìœ í–‰,ì†í†± ê´€ë¦¬ / ë„¤ì¼ ì¼€ì–´,nail care
ğŸ‡¬ğŸ‡§ TC4,B1 - ìœ í–‰,ì„±í˜•ìˆ˜ìˆ ,plastic surgery
ğŸ‡¬ğŸ‡§ TC4,B1 - ìœ í–‰,ìœ í–‰ì„ ì´ëŒë‹¤,lead a trend
ğŸ‡¬ğŸ‡§ TC4,B1 - ìœ í–‰,ìœ í–‰ì— ë¯¼ê°í•˜ë‹¤,sensitive to trends
ğŸ‡¬ğŸ‡§ TC4,B1 - ìœ í–‰,ìœ í–‰ì„ íƒ€ë‹¤,follow a trend / be in fashion
ğŸ‡¬ğŸ‡§ TC4,B1 - ìœ í–‰,ìœ í–‰ì„ ì•ì„œê°€ë‹¤,be ahead of the trend
ğŸ‡¬ğŸ‡§ TC4,B1 - ìœ í–‰,ìœ í–‰ì„ ë”°ë¥´ë‹¤,follow a trend
ğŸ‡¬ğŸ‡§ TC4,B1 - ìœ í–‰,ìœ í–‰ì— ë’¤ì²˜ì§€ë‹¤,fall behind the trend / out of style
ğŸ‡¬ğŸ‡§ TC4,B1 - ìœ í–‰,ìµœì‹  ìœ í–‰,the latest trend
ğŸ‡¬ğŸ‡§ TC4,B1 - ìœ í–‰,ëŒ€ìœ í–‰,craze / fad / pandemic (contextual)
ğŸ‡¬ğŸ‡§ TC4,B1 - ìœ í–‰,ìœ í–‰ì–´,buzzword / popular slang
ğŸ‡¬ğŸ‡§ TC4,B1 - ìœ í–‰,ì„¸ë ¨ë˜ë‹¤,sophisticated / refined / polished
ğŸ‡¬ğŸ‡§ TC4,B1 - ìœ í–‰,ì´ŒìŠ¤ëŸ½ë‹¤,tacky / countrified / outdated
ğŸ‡¬ğŸ‡§ TC4,B1 - ìœ í–‰,í™”ë ¤í•˜ë‹¤,glamorous / fancy / flamboyant
ğŸ‡¬ğŸ‡§ TC4,B1 - ìœ í–‰,ë‹¨ìˆœí•˜ë‹¤,simple / plain
ğŸ‡¬ğŸ‡§ TC4,B1 - ìœ í–‰,í‰ë²”í•˜ë‹¤,ordinary / average
ğŸ‡¬ğŸ‡§ TC4,B1 - ìœ í–‰,ë‹¨ì •í•˜ë‹¤,neat / tidy / decent
ğŸ‡¬ğŸ‡§ TC4,B1 - ìœ í–‰,ì°¨ë ¤ì…ë‹¤,dress up / dress formally
ğŸ‡¬ğŸ‡§ TC4,B1 - ìœ í–‰,ì–´ìš¸ë¦¬ë‹¤,suit / match / look good on
ğŸ‡¬ğŸ‡§ TC4,B1 - ìœ í–‰,ê°ê°ì´ ìˆë‹¤,have a good sense (of style)
ğŸ‡¬ğŸ‡§ TC4,B2 - ì§‘ì•ˆì¼,ê°€ì‚¬,housework / domestic affairs
ğŸ‡¬ğŸ‡§ TC4,B2 - ì§‘ì•ˆì¼,ì „ì—…ì£¼ë¶€,full-time housewife/husband
ğŸ‡¬ğŸ‡§ TC4,B2 - ì§‘ì•ˆì¼,ê°€ì‚¬ ë…¸ë™,domestic labor
ğŸ‡¬ğŸ‡§ TC4,B2 - ì§‘ì•ˆì¼,ê°€ì‚¬ ë„ìš°ë¯¸,housekeeper / domestic helper
ğŸ‡¬ğŸ‡§ TC4,B2 - ì§‘ì•ˆì¼,ì§‘ì•ˆì¼ì„ í•˜ë‹¤,do chores / housework
ğŸ‡¬ğŸ‡§ TC4,B2 - ì§‘ì•ˆì¼,ì‚´ë¦¼ì„ í•˜ë‹¤,run a household
ğŸ‡¬ğŸ‡§ TC4,B2 - ì§‘ì•ˆì¼,ê°€ì‚¬ë¥¼ ì „ë‹´í•˜ë‹¤,be solely in charge of housework
ğŸ‡¬ğŸ‡§ TC4,B2 - ì§‘ì•ˆì¼,ê°€ì‚¬ë¥¼ ë¶„ë‹´í•˜ë‹¤,share the housework
ğŸ‡¬ğŸ‡§ TC4,B2 - ì§‘ì•ˆì¼,ë¹¨ë«ë¹„ëˆ„/ì„¸ì œ,laundry soap / detergent
ğŸ‡¬ğŸ‡§ TC4,B2 - ì§‘ì•ˆì¼,ë‹¤ë¦¬ë¯¸,iron
ğŸ‡¬ğŸ‡§ TC4,B2 - ì§‘ì•ˆì¼,ì†ë¹¨ë˜,hand wash
ğŸ‡¬ğŸ‡§ TC4,B2 - ì§‘ì•ˆì¼,ì• ë²Œë¹¨ë˜,pre-wash
ğŸ‡¬ğŸ‡§ TC4,B2 - ì§‘ì•ˆì¼,ë¹¨ë˜ë¥¼ í•˜ë‹¤,do the laundry
ğŸ‡¬ğŸ‡§ TC4,B2 - ì§‘ì•ˆì¼,ì„¸íƒê¸°ë¥¼ ëŒë¦¬ë‹¤,run the washing machine
ğŸ‡¬ğŸ‡§ TC4,B2 - ì§‘ì•ˆì¼,ì‚¶ë‹¤,boil (usually for sterilization)
ğŸ‡¬ğŸ‡§ TC4,B2 - ì§‘ì•ˆì¼,ë„ë‹¤,hang out (clothes) to dry
ğŸ‡¬ğŸ‡§ TC4,B2 - ì§‘ì•ˆì¼,ê°œë‹¤,fold (clothes)
ğŸ‡¬ğŸ‡§ TC4,B2 - ì§‘ì•ˆì¼,ë‹¤ë¦¬ë‹¤,iron (clothes)
ğŸ‡¬ğŸ‡§ TC4,B2 - ì§‘ì•ˆì¼,ì–¼ë£©ì„ ì§€ìš°ë‹¤,remove a stain
ğŸ‡¬ğŸ‡§ TC4,B2 - ì§‘ì•ˆì¼,ë“œë¼ì´í´ë¦¬ë‹ì„ ë§¡ê¸°ë‹¤,take clothes to the dry cleaners
ğŸ‡¬ğŸ‡§ TC4,B2 - ì§‘ì•ˆì¼,ëŒ€ì²­ì†Œ,spring cleaning / thorough cleaning
ğŸ‡¬ğŸ‡§ TC4,B2 - ì§‘ì•ˆì¼,ë¹—ìë£¨,broom
ğŸ‡¬ğŸ‡§ TC4,B2 - ì§‘ì•ˆì¼,ë¨¼ì§€ë–¨ì´,duster
ğŸ‡¬ğŸ‡§ TC4,B2 - ì§‘ì•ˆì¼,ê±¸ë ˆ,rag / mop cloth
ğŸ‡¬ğŸ‡§ TC4,B2 - ì§‘ì•ˆì¼,ë¶„ë¦¬ ìˆ˜ê±°,separate waste collection
ğŸ‡¬ğŸ‡§ TC4,B2 - ì§‘ì•ˆì¼,ì“¸ë‹¤,sweep
ğŸ‡¬ğŸ‡§ TC4,B2 - ì§‘ì•ˆì¼,ë‹¦ë‹¤,wipe / polish
ğŸ‡¬ğŸ‡§ TC4,B2 - ì§‘ì•ˆì¼,í„¸ë‹¤,shake off / dust off
ğŸ‡¬ğŸ‡§ TC4,B2 - ì§‘ì•ˆì¼,ì¹˜ìš°ë‹¤,clear away / tidy up
ğŸ‡¬ğŸ‡§ TC4,B2 - ì§‘ì•ˆì¼,ì •ë¦¬í•˜ë‹¤,organize / put in order
ğŸ‡¬ğŸ‡§ TC4,B2 - ì§‘ì•ˆì¼,ì²­ì†Œê¸°ë¥¼ ëŒë¦¬ë‹¤,vacuum / run the vacuum cleaner
ğŸ‡¬ğŸ‡§ TC4,B2 - ì§‘ì•ˆì¼,ê±¸ë ˆì§ˆì„ í•˜ë‹¤,mop / wipe with a rag
ğŸ‡¬ğŸ‡§ TC4,B3 - ê°ì •,ê¸°ì˜ë‹¤,glad / happy
ğŸ‡¬ğŸ‡§ TC4,B3 - ê°ì •,í–‰ë³µí•˜ë‹¤,happy
ğŸ‡¬ğŸ‡§ TC4,B3 - ê°ì •,íë­‡í•˜ë‹¤,satisfied / pleased / heart-warming
ğŸ‡¬ğŸ‡§ TC4,B3 - ê°ì •,ìŠ¬í”„ë‹¤,sad
ğŸ‡¬ğŸ‡§ TC4,B3 - ê°ì •,ê´´ë¡­ë‹¤,painful / distressed / agonizing
ğŸ‡¬ğŸ‡§ TC4,B3 - ê°ì •,ìš°ìš¸í•˜ë‹¤,depressed / gloomy
ğŸ‡¬ğŸ‡§ TC4,B3 - ê°ì •,ë–¨ë¦¬ë‹¤,tremble / shake / quiver
ğŸ‡¬ğŸ‡§ TC4,B3 - ê°ì •,ê¸´ì¥ë˜ë‹¤,feel nervous / tense
ğŸ‡¬ğŸ‡§ TC4,B3 - ê°ì •,ë¶ˆì•ˆí•˜ë‹¤,anxious / uneasy
ğŸ‡¬ğŸ‡§ TC4,B3 - ê°ì •,ë¶€ë„ëŸ½ë‹¤,shy / ashamed
ğŸ‡¬ğŸ‡§ TC4,B3 - ê°ì •,ì°½í”¼í•˜ë‹¤,embarrassed
ğŸ‡¬ğŸ‡§ TC4,B3 - ê°ì •,ë¶ˆì¾Œí•˜ë‹¤,unpleasant / offended / displeased
ğŸ‡¬ğŸ‡§ TC4,B3 - ê°ì •,ì•„ì‰½ë‹¤,regrettable / feel the lack of
ğŸ‡¬ğŸ‡§ TC4,B3 - ê°ì •,ë§Œì¡±í•˜ë‹¤,satisfied
ğŸ‡¬ğŸ‡§ TC4,B3 - ê°ì •,ë¶ˆë§ŒìŠ¤ëŸ½ë‹¤,dissatisfied
ğŸ‡¬ğŸ‡§ TC4,B3 - ê°ì •,ë¬´ì„­ë‹¤,scary / afraid
ğŸ‡¬ğŸ‡§ TC4,B3 - ê°ì •,í™”ê°€ ë‚˜ë‹¤,get angry
ğŸ‡¬ğŸ‡§ TC4,B3 - ê°ì •,ì§œì¦ì´ ë‚˜ë‹¤,get annoyed / irritated
ğŸ‡¬ğŸ‡§ TC4,B3 - ê°ì •,ì‹¬ì‹¬í•˜ë‹¤,bored (nothing to do)
ğŸ‡¬ğŸ‡§ TC4,B3 - ê°ì •,ì§€ë£¨í•˜ë‹¤,bored (tedious / dull)
ğŸ‡¬ğŸ‡§ TC4,B3 - ê°ì •,ê°ì •ì´ ë“œëŸ¬ë‚˜ë‹¤,emotions are revealed / show on face
ğŸ‡¬ğŸ‡§ TC4,B3 - ê°ì •,ê°ì •ì„ ìˆ¨ê¸°ë‹¤,hide emotions
ğŸ‡¬ğŸ‡§ TC4,B3 - ê°ì •,ê°ì •ì„ í‘œí˜„í•˜ë‹¤,express emotions
ğŸ‡¬ğŸ‡§ TC4,B3 - ê°ì •,ê°ì •ì„ ë“œëŸ¬ë‚´ë‹¤,reveal / show emotions
ğŸ‡¬ğŸ‡§ TC4,B3 - ê°ì •,ê°ì •ì„ ì–µëˆ„ë¥´ë‹¤,suppress / restrain emotions
ğŸ‡¬ğŸ‡§ TC4,B3 - ê°ì •,ê°ì •ì´ í’ë¶€í•˜ë‹¤,be full of emotion / expressive
ğŸ‡¬ğŸ‡§ TC4,B3 - ê°ì •,í™”ë¥¼ ë‚´ë‹¤,lose one's temper / get angry
ğŸ‡¬ğŸ‡§ TC4,B3 - ê°ì •,í™”ë¥¼ í’€ë‹¤,let go of anger / calm down
ğŸ‡¬ğŸ‡§ TC4,B4 - ìƒí™œ ì •ë³´,ì˜ì‹ì£¼,"food, clothing, and shelter"
ğŸ‡¬ğŸ‡§ TC4,B4 - ìƒí™œ ì •ë³´,ë¬¼ê°€,cost of living / prices
ğŸ‡¬ğŸ‡§ TC4,B4 - ìƒí™œ ì •ë³´,ìƒí™œ ì •ë³´ì§€/ì‹ ë¬¸,community newsletter / life info paper
ğŸ‡¬ğŸ‡§ TC4,B4 - ìƒí™œ ì •ë³´,êµ¬ì…,purchase / buying
ğŸ‡¬ğŸ‡§ TC4,B4 - ìƒí™œ ì •ë³´,êµ¬ë§¤,purchase
ğŸ‡¬ğŸ‡§ TC4,B4 - ìƒí™œ ì •ë³´,ë§¤ë§¤,buying and selling / trading
ğŸ‡¬ğŸ‡§ TC4,B4 - ìƒí™œ ì •ë³´,ì„¸ë©´ë„êµ¬ ìƒí™œí•„ìˆ˜í’ˆ,toiletries / daily necessities
ğŸ‡¬ğŸ‡§ TC4,B4 - ìƒí™œ ì •ë³´,ì£¼ë°©ìš©í’ˆ,kitchenware
ğŸ‡¬ğŸ‡§ TC4,B4 - ìƒí™œ ì •ë³´,ëŒ€í˜• ë§ˆíŠ¸,large supermarket / hypermarket
ğŸ‡¬ğŸ‡§ TC4,B4 - ìƒí™œ ì •ë³´,í• ì¸ ë§¤ì¥,discount store
ğŸ‡¬ğŸ‡§ TC4,B4 - ìƒí™œ ì •ë³´,ì¬ë˜ì‹œì¥,traditional market
ğŸ‡¬ğŸ‡§ TC4,B4 - ìƒí™œ ì •ë³´,ì¥ë°”êµ¬ë‹ˆ,shopping basket / bag
ğŸ‡¬ğŸ‡§ TC4,B4 - ìƒí™œ ì •ë³´,ë²¼ë£©ì‹œì¥,flea market
ğŸ‡¬ğŸ‡§ TC4,B4 - ìƒí™œ ì •ë³´,ì¤‘ê³ í’ˆ,second-hand item
ğŸ‡¬ğŸ‡§ TC4,B4 - ìƒí™œ ì •ë³´,ë¤ì„ ì£¼ë‹¤,give something extra for free
ğŸ‡¬ğŸ‡§ TC4,B4 - ìƒí™œ ì •ë³´,í¥ì •í•˜ë‹¤,bargain / haggle
ğŸ‡¬ğŸ‡§ TC4,B4 - ìƒí™œ ì •ë³´,ì£¼ë¬¸í•˜ë‹¤,to order
ğŸ‡¬ğŸ‡§ TC4,B4 - ìƒí™œ ì •ë³´,í€µì„œë¹„ìŠ¤,quick service (motorcycle courier)
ğŸ‡¬ğŸ‡§ TC4,B4 - ìƒí™œ ì •ë³´,íƒë°°,parcel delivery service
ğŸ‡¬ğŸ‡§ TC4,B4 - ìƒí™œ ì •ë³´,ë°°ì†¡,shipping / delivery
ğŸ‡¬ğŸ‡§ TC4,B4 - ìƒí™œ ì •ë³´,ê´€ë¦¬ ì‚¬ë¬´ì†Œ,management office
ğŸ‡¬ğŸ‡§ TC4,B4 - ìƒí™œ ì •ë³´,ê´€ë¦¬ë¹„,maintenance fee
ğŸ‡¬ğŸ‡§ TC4,B4 - ìƒí™œ ì •ë³´,ê²½ë¹„ì‹¤,security office / guard room
ğŸ‡¬ğŸ‡§ TC4,B4 - ìƒí™œ ì •ë³´,ê°€ìŠ¤ ìš”ê¸ˆ,gas bill
ğŸ‡¬ğŸ‡§ TC4,B4 - ìƒí™œ ì •ë³´,ìˆ˜ë„ ìš”ê¸ˆ,water bill
ğŸ‡¬ğŸ‡§ TC4,B4 - ìƒí™œ ì •ë³´,ì „ê¸° ìš”ê¸ˆ,electricity bill
ğŸ‡¬ğŸ‡§ TC4,B4 - ìƒí™œ ì •ë³´,ì“°ë ˆê¸° ë¶„ë¦¬ ë°°ì¶œ,separate waste disposal
ğŸ‡¬ğŸ‡§ TC4,B4 - ìƒí™œ ì •ë³´,ì¢…ëŸ‰ì œ ë´‰íˆ¬,pay-as-you-go garbage bag
ğŸ‡¬ğŸ‡§ TC4,B4 - ìƒí™œ ì •ë³´,ì¬í™œìš© ì“°ë ˆê¸°,recyclable waste
ğŸ‡¬ğŸ‡§ TC4,B4 - ìƒí™œ ì •ë³´,ë‹¨ìˆ˜,water outage
ğŸ‡¬ğŸ‡§ TC4,B4 - ìƒí™œ ì •ë³´,ì •ì „,power outage
ğŸ‡¬ğŸ‡§ TC4,B4 - ìƒí™œ ì •ë³´,ë‚œë°©,heating
ğŸ‡¬ğŸ‡§ TC4,B4 - ìƒí™œ ì •ë³´,ì¦ëª…ì‚¬ì§„,ID photo
ğŸ‡¬ğŸ‡§ TC4,B4 - ìƒí™œ ì •ë³´,êµ¬ì²­,district office
ğŸ‡¬ğŸ‡§ TC4,B4 - ìƒí™œ ì •ë³´,ì¶œì…êµ­ê´€ë¦¬ì‚¬ë¬´ì†Œ,immigration office
ğŸ‡¬ğŸ‡§ TC4,B4 - ìƒí™œ ì •ë³´,êµ¬ë¹„ ì„œë¥˜,required documents
ğŸ‡¬ğŸ‡§ TC4,B4 - ìƒí™œ ì •ë³´,ì£¼ë¯¼ ì„¼í„°,community center
ğŸ‡¬ğŸ‡§ TC4,B4 - ìƒí™œ ì •ë³´,(ì¦ëª…ì„œ) ë°œê¸‰,issuance (of a certificate)
ğŸ‡¬ğŸ‡§ TC4,B4 - ìƒí™œ ì •ë³´,ì™¸êµ­ì¸ ë“±ë¡ì¦,Alien Registration Card (ARC)
ğŸ‡¬ğŸ‡§ TC4,B4 - ìƒí™œ ì •ë³´,ì™¸êµ­ì¸ì§€ì›ì„¼í„°,foreign support center
ğŸ‡¬ğŸ‡§ TC4,B4 - ìƒí™œ ì •ë³´,ê¸´ê¸‰ ì „í™”,emergency call
ğŸ‡¬ğŸ‡§ TC4,B4 - ìƒí™œ ì •ë³´,ì‹ ê³ ,report / declaration
ğŸ‡¬ğŸ‡§ TC4,B4 - ìƒí™œ ì •ë³´,ì „í™” ê°œí†µ,phone activation / line opening
ğŸ‡¬ğŸ‡§ TC4,B4 - ìƒí™œ ì •ë³´,ì‘ê¸‰ í™˜ì,emergency patient
ğŸ‡¬ğŸ‡§ TC4,B4 - ìƒí™œ ì •ë³´,êµ¬ì¡° ìš”ì²­,request for rescue
ğŸ‡¬ğŸ‡§ TC4,B4 - ìƒí™œ ì •ë³´,ë³µì‚¬,copy / photocopy
ğŸ‡¬ğŸ‡§ TC4,B5 - ì·¨ì§,ê³µê³ ë¬¸,public notice / announcement
ğŸ‡¬ğŸ‡§ TC4,B5 - ì·¨ì§,ì±„ìš© ì •ë³´,recruitment information
ğŸ‡¬ğŸ‡§ TC4,B5 - ì·¨ì§,ì „í˜• ì¼ì •,screening schedule
ğŸ‡¬ğŸ‡§ TC4,B5 - ì·¨ì§,ì§ì¢…,type of occupation
ğŸ‡¬ğŸ‡§ TC4,B5 - ì·¨ì§,ì •ê·œ ì‚¬ì›,regular employee
ğŸ‡¬ğŸ‡§ TC4,B5 - ì·¨ì§,ì¸í„´ì‚¬ì› (ìˆ˜ìŠµì‚¬ì›),intern (probationary employee)
ğŸ‡¬ğŸ‡§ TC4,B5 - ì·¨ì§,ì‹ ì… ì‚¬ì›,new employee
ğŸ‡¬ğŸ‡§ TC4,B5 - ì·¨ì§,ê²½ë ¥ ì‚¬ì›,experienced employee
ğŸ‡¬ğŸ‡§ TC4,B5 - ì·¨ì§,ì‚¬ë¬´ì§,office job / clerical work
ğŸ‡¬ğŸ‡§ TC4,B5 - ì·¨ì§,ì „ë¬¸ì§,professional job
ğŸ‡¬ğŸ‡§ TC4,B5 - ì·¨ì§,ê¸°ëŠ¥ì§,technical job / skilled labor
ğŸ‡¬ğŸ‡§ TC4,B5 - ì·¨ì§,ì˜ì—…ì§,sales job
ğŸ‡¬ğŸ‡§ TC4,B5 - ì·¨ì§,ì·¨ì—…,employment / getting a job
ğŸ‡¬ğŸ‡§ TC4,B5 - ì·¨ì§,ì…ì‚¬,joining a company
ğŸ‡¬ğŸ‡§ TC4,B5 - ì·¨ì§,ë¬¸ì„œ ì‘ì„±,document preparation
ğŸ‡¬ğŸ‡§ TC4,B5 - ì·¨ì§,ì—…ë¬´ ë³´ì¡°,business/work assistant
ğŸ‡¬ğŸ‡§ TC4,B5 - ì·¨ì§,ì´ë ¥ì„œ,resume / CV
ğŸ‡¬ğŸ‡§ TC4,B5 - ì·¨ì§,ì§€ì›ì„œ,application form
ğŸ‡¬ğŸ‡§ TC4,B5 - ì·¨ì§,ì¡¸ì—… ì¦ëª…ì„œ,graduation certificate
ğŸ‡¬ğŸ‡§ TC4,B5 - ì·¨ì§,ì„±ì  ì¦ëª…ì„œ,transcript
ğŸ‡¬ğŸ‡§ TC4,B5 - ì·¨ì§,ê²½ë ¥ ì¦ëª…ì„œ,certificate of work experience
ğŸ‡¬ğŸ‡§ TC4,B5 - ì·¨ì§,ìê¸°ì†Œê°œì„œ,self-introduction (cover letter)
ğŸ‡¬ğŸ‡§ TC4,B5 - ì·¨ì§,ì¶”ì²œì„œ,recommendation letter
ğŸ‡¬ğŸ‡§ TC4,B5 - ì·¨ì§,í•™ë ¥,educational background
ğŸ‡¬ğŸ‡§ TC4,B5 - ì·¨ì§,ê²½ë ¥,work experience
ğŸ‡¬ğŸ‡§ TC4,B5 - ì·¨ì§,ì ì„±,aptitude
ğŸ‡¬ğŸ‡§ TC4,B5 - ì·¨ì§,ì§€ì› ë™ê¸°,motivation for applying
ğŸ‡¬ğŸ‡§ TC4,B5 - ì·¨ì§,ì ì„±ì— ë§ë‹¤,suit one's aptitude
ğŸ‡¬ğŸ‡§ TC4,B5 - ì·¨ì§,ìê²©ì¦ì„ ë”°ë‹¤,obtain a license/certificate
ğŸ‡¬ğŸ‡§ TC4,B5 - ì·¨ì§,ì¸í„´ ìˆ˜ìŠµ,internship/probation period
ğŸ‡¬ğŸ‡§ TC4,B5 - ì·¨ì§,ì¸í„°ë„· ì ‘ìˆ˜,online application
ğŸ‡¬ğŸ‡§ TC4,B5 - ì·¨ì§,ë°©ë¬¸ ì ‘ìˆ˜,in-person application
ğŸ‡¬ğŸ‡§ TC4,B5 - ì·¨ì§,ìš°í¸ ì ‘ìˆ˜,application by mail
ğŸ‡¬ğŸ‡§ TC4,B5 - ì·¨ì§,í•©ê²©ì ë°œí‘œ,announcement of successful candidates
ğŸ‡¬ğŸ‡§ TC4,B5 - ì·¨ì§,ì œì¶œ ì„œë¥˜,documents to be submitted
ğŸ‡¬ğŸ‡§ TC4,B5 - ì·¨ì§,ì„œë¥˜ ë§ˆê°,deadline for documents
ğŸ‡¬ğŸ‡§ TC4,B5 - ì·¨ì§,ì§€ì›ì„œë¥¼ ì“°ë‹¤,write an application
ğŸ‡¬ğŸ‡§ TC4,B5 - ì·¨ì§,ì„œë¥˜ë¥¼ ì ‘ìˆ˜í•˜ë‹¤,submit documents
ğŸ‡¬ğŸ‡§ TC4,B5 - ì·¨ì§,í•„ê¸°ì‹œí—˜ì„ ë³´ë‹¤,take a written exam
ğŸ‡¬ğŸ‡§ TC4,B5 - ì·¨ì§,ë©´ì ‘ì‹œí—˜ì„ ë³´ë‹¤,take an interview
ğŸ‡¬ğŸ‡§ TC4,B6 - ê³ ì¥,ì „ì›,power supply
ğŸ‡¬ğŸ‡§ TC4,B6 - ê³ ì¥,ë²„íŠ¼,button
ğŸ‡¬ğŸ‡§ TC4,B6 - ê³ ì¥,ìŠ¤ìœ„ì¹˜,switch
ğŸ‡¬ğŸ‡§ TC4,B6 - ê³ ì¥,ë¶€í’ˆ,parts / components
ğŸ‡¬ğŸ‡§ TC4,B6 - ê³ ì¥,ê±´ì „ì§€ / ë°°í„°ë¦¬,battery
ğŸ‡¬ğŸ‡§ TC4,B6 - ê³ ì¥,ì½˜ì„¼íŠ¸,electrical outlet / socket
ğŸ‡¬ğŸ‡§ TC4,B6 - ê³ ì¥,í”ŒëŸ¬ê·¸,plug
ğŸ‡¬ğŸ‡§ TC4,B6 - ê³ ì¥,ë¦¬ëª¨ì»¨,remote control
ğŸ‡¬ğŸ‡§ TC4,B6 - ê³ ì¥,í™”ë©´,screen
ğŸ‡¬ğŸ‡§ TC4,B6 - ê³ ì¥,ì•ˆí…Œë‚˜,antenna
ğŸ‡¬ğŸ‡§ TC4,B6 - ê³ ì¥,íœ´ëŒ€ì „í™”ê°€ êº¼ì§€ë‹¤,phone turns off
ğŸ‡¬ğŸ‡§ TC4,B6 - ê³ ì¥,ì „ê¸°ê°€ ëŠê¸°ë‹¤,power is cut off
ğŸ‡¬ğŸ‡§ TC4,B6 - ê³ ì¥,ë¶ˆì´ ì•ˆ ì¼œì§€ë‹¤,light doesn't turn on
ğŸ‡¬ğŸ‡§ TC4,B6 - ê³ ì¥,ë¬¸ì´ ì•ˆ ì ê¸°ë‹¤,door doesn't lock
ğŸ‡¬ğŸ‡§ TC4,B6 - ê³ ì¥,ë²„íŠ¼ì´ ì•ˆ ëˆŒëŸ¬ì§€ë‹¤,button doesn't press
ğŸ‡¬ğŸ‡§ TC4,B6 - ê³ ì¥,ë¶€í’ˆì„ ë°”ê¾¸ë‹¤,change parts
ğŸ‡¬ğŸ‡§ TC4,B6 - ê³ ì¥,ì°½ë¬¸ì´ ê¹¨ì§€ë‹¤,window is broken
ğŸ‡¬ğŸ‡§ TC4,B6 - ê³ ì¥,í™”ë©´ì´ í”ë“¤ë¦¬ë‹¤,screen flickers/shakes
ğŸ‡¬ğŸ‡§ TC4,B6 - ê³ ì¥,ëª»ì´ ë¹ ì§€ë‹¤,nail comes out
ğŸ‡¬ğŸ‡§ TC4,B6 - ê³ ì¥,ë°°í„°ë¦¬ê°€ ë‹¤ ë˜ë‹¤,battery is dead
ğŸ‡¬ğŸ‡§ TC4,B6 - ê³ ì¥,ë‚˜ì‚¬ê°€ í’€ë¦¬ë‹¤,screw comes loose
ğŸ‡¬ğŸ‡§ TC4,B6 - ê³ ì¥,ì•ˆí…Œë‚˜ê°€ ë¶€ëŸ¬ì§€ë‹¤,antenna is broken
ğŸ‡¬ğŸ‡§ TC4,B6 - ê³ ì¥,ì „ì›ì´ ë‚˜ê°€ë‹¤,power goes out
ğŸ‡¬ğŸ‡§ TC4,B6 - ê³ ì¥,ì „ì›ì´ ë“¤ì–´ì˜¤ë‹¤,power comes on
ğŸ‡¬ğŸ‡§ TC4,B6 - ê³ ì¥,ë§¡ê¸°ë‹¤,leave/entrust (for repair)
ğŸ‡¬ğŸ‡§ TC4,B6 - ê³ ì¥,ìˆ˜ë¦¬í•˜ë‹¤,repair / fix
ğŸ‡¬ğŸ‡§ TC4,B6 - ê³ ì¥,ê³ ì¹˜ë‹¤,repair / fix
ğŸ‡¬ğŸ‡§ TC4,B6 - ê³ ì¥,ê°ˆë‹¤ / ê°ˆì•„ ë¼ìš°ë‹¤,replace / swap out
ğŸ‡¬ğŸ‡§ TC4,B6 - ê³ ì¥,ì¶©ì „í•˜ë‹¤,to charge
ğŸ‡¬ğŸ‡§ TC4,B6 - ê³ ì¥,ì‘ë™í•˜ë‹¤,to operate / work
ğŸ‡¬ğŸ‡§ TC4,B6 - ê³ ì¥,A/S ì„¼í„° (ìˆ˜ë¦¬ ì„¼í„°),service center / repair center
ğŸ‡¬ğŸ‡§ TC4,B6 - ê³ ì¥,A/Së¥¼ ë°›ë‹¤,get after-sales service
ğŸ‡¬ğŸ‡§ TC4,B6 - ê³ ì¥,ì œí’ˆ ì„¤ëª…ì„œ,product manual
ğŸ‡¬ğŸ‡§ TC4,B6 - ê³ ì¥,í’ˆì§ˆë³´ì¦ì„œ,warranty
ğŸ‡¬ğŸ‡§ TC4,B6 - ê³ ì¥,ìƒë‹´ì›,counselor / consultant
ğŸ‡¬ğŸ‡§ TC4,B6 - ê³ ì¥,ìˆ˜ë¦¬ ê¸°ì‚¬,repair technician
ğŸ‡¬ğŸ‡§ TC4,B6 - ê³ ì¥,ë¬´ìƒ ìˆ˜ë¦¬,free repair
ğŸ‡¬ğŸ‡§ TC4,B6 - ê³ ì¥,ì¶œì¥ ìˆ˜ë¦¬,on-site repair service
ğŸ‡¬ğŸ‡§ TC4,B6 - ê³ ì¥,ìˆ˜ë¦¬ë¹„,repair cost
ğŸ‡¬ğŸ‡§ TC4,B6 - ê³ ì¥,ëª¨ë¸ëª…,model name
ğŸ‡¬ğŸ‡§ TC4,B7 - ëª…ì ˆ,ì„¸ë°°ë¥¼ í•˜ë‹¤,perform a New Year's bow
ğŸ‡¬ğŸ‡§ TC4,B7 - ëª…ì ˆ,ë•ë‹´ì„ í•˜ë‹¤,give words of blessing
ğŸ‡¬ğŸ‡§ TC4,B7 - ëª…ì ˆ,ë–¡êµ­ì„ ë¨¹ë‹¤,eat rice cake soup
ğŸ‡¬ğŸ‡§ TC4,B7 - ëª…ì ˆ,ì„¸ë±ƒëˆ,New Year's gift money
ğŸ‡¬ğŸ‡§ TC4,B7 - ëª…ì ˆ,ì„¤ë¹”ì„ ì…ë‹¤,wear New Year's clothes
ğŸ‡¬ğŸ‡§ TC4,B7 - ëª…ì ˆ,ìƒˆí•´ ë³µ ë§ì´ ë°›ìœ¼ì„¸ìš”,Happy New Year
ğŸ‡¬ğŸ‡§ TC4,B7 - ëª…ì ˆ,ì†Œì› ì„±ì·¨ í•˜ì„¸ìš”,May your wishes come true
ğŸ‡¬ğŸ‡§ TC4,B7 - ëª…ì ˆ,ì°¨ë¡€ë¥¼ ì§€ë‚´ë‹¤,perform ancestral rites
ğŸ‡¬ğŸ‡§ TC4,B7 - ëª…ì ˆ,ì†¡í¸ì„ ë¹šë‹¤,make Songpyeon (rice cakes)
ğŸ‡¬ğŸ‡§ TC4,B7 - ëª…ì ˆ,ë§Œìˆ˜ë¬´ê°•í•˜ì„¸ìš”. / ì˜¤ë˜ ì‚¬ì„¸ìš”,live a long and healthy life
ğŸ‡¬ğŸ‡§ TC4,B7 - ëª…ì ˆ,ì˜¬ í•œ í•´ë„ ê±´ê°•í•˜ì„¸ìš”,Stay healthy this year too
ğŸ‡¬ğŸ‡§ TC4,B7 - ëª…ì ˆ,ë²Œì´ˆë¥¼ í•˜ë‹¤,tidy up a grave (cut weeds)
ğŸ‡¬ğŸ‡§ TC4,B7 - ëª…ì ˆ,ì„±ë¬˜ë¥¼ ê°€ë‹¤,visit ancestral graves
ğŸ‡¬ğŸ‡§ TC4,B7 - ëª…ì ˆ,ì¶”ìˆ˜ë¥¼ í•˜ë‹¤,to harvest
ğŸ‡¬ğŸ‡§ TC4,B7 - ëª…ì ˆ,ë³´ë¦„ë‹¬,full moon
ğŸ‡¬ğŸ‡§ TC4,B7 - ëª…ì ˆ,í–…ìŒ€,newly harvested rice
ğŸ‡¬ğŸ‡§ TC4,B7 - ëª…ì ˆ,í–‡ê³¼ì¼,newly harvested fruit
ğŸ‡¬ğŸ‡§ TC4,B7 - ëª…ì ˆ,í–‡ê³¡ì‹,newly harvested grains
ğŸ‡¬ğŸ‡§ TC4,B7 - ëª…ì ˆ,ëª…ì ˆì„ ì‡ ë‹¤,celebrate a holiday
ğŸ‡¬ğŸ‡§ TC4,B7 - ëª…ì ˆ,ì›ƒì–´ë¥¸ì„ ì°¾ì•„ëµ™ë‹¤,visit one's elders
ğŸ‡¬ğŸ‡§ TC4,B7 - ëª…ì ˆ,ì„¸ì‹œ í’ì†,seasonal customs
ğŸ‡¬ğŸ‡§ TC4,B7 - ëª…ì ˆ,í™©ê¸ˆì—°íœ´,golden holiday / long weekend
ğŸ‡¬ğŸ‡§ TC4,B7 - ëª…ì ˆ,ê·€ì„±ê°,people returning to their hometown
ğŸ‡¬ğŸ‡§ TC4,B7 - ëª…ì ˆ,ë¯¼ì¡±ëŒ€ì´ë™,mass migration of the nation
ğŸ‡¬ğŸ‡§ TC4,B7 - ëª…ì ˆ,ëª…ì ˆ ì¦í›„êµ°,holiday syndrome
ğŸ‡¬ğŸ‡§ TC4,B7 - ëª…ì ˆ,ë¯¼ì†ë†€ì´,folk games / traditional games
ğŸ‡¬ğŸ‡§ TC4,B7 - ëª…ì ˆ,ìœ·ë†€ì´,Yutnori (traditional board game)
ğŸ‡¬ğŸ‡§ TC4,B7 - ëª…ì ˆ,ì—°ë‚ ë¦¬ê¸°,kite flying
ğŸ‡¬ğŸ‡§ TC4,B7 - ëª…ì ˆ,íŒ½ì´ì¹˜ê¸°,top spinning
ğŸ‡¬ğŸ‡§ TC4,B7 - ëª…ì ˆ,ì œê¸°ì°¨ê¸°,Jegichagi (Korean hacky sack)
ğŸ‡¬ğŸ‡§ TC4,B7 - ëª…ì ˆ,ê°•ê°•ìˆ ë˜,Ganggangsullae (circle dance)
ğŸ‡¬ğŸ‡§ TC4,B7 - ëª…ì ˆ,ë„ë›°ê¸°,Neolttwigi (see-sawing)
ğŸ‡¬ğŸ‡§ TC4,B7 - ëª…ì ˆ,ì”¨ë¦„,Ssireum (Korean wrestling)
ğŸ‡¬ğŸ‡§ TC4,B7 - ëª…ì ˆ,ì¤„ë‹¤ë¦¬ê¸°,tug-of-war
ğŸ‡¬ğŸ‡§ TC4,B7 - ëª…ì ˆ,ê·¸ë„¤ë›°ê¸°,swinging
ğŸ‡¬ğŸ‡§ TC4,B8 - ì—¬ê°€ ìƒí™œ,ë ˆí¬ì¸ ,leisure sports
ğŸ‡¬ğŸ‡§ TC4,B8 - ì—¬ê°€ ìƒí™œ,ë™í˜¸íšŒ,club / hobby group
ğŸ‡¬ğŸ‡§ TC4,B8 - ì—¬ê°€ ìƒí™œ,ì²´í—˜,experience
ğŸ‡¬ğŸ‡§ TC4,B8 - ì—¬ê°€ ìƒí™œ,ì‚¬íšŒ í™œë™,social activity
ğŸ‡¬ğŸ‡§ TC4,B8 - ì—¬ê°€ ìƒí™œ,ê´€ëŒ,viewing / watching
ğŸ‡¬ğŸ‡§ TC4,B8 - ì—¬ê°€ ìƒí™œ,íœ´ì‹,rest / relaxation
ğŸ‡¬ğŸ‡§ TC4,B8 - ì—¬ê°€ ìƒí™œ,ì—¬ê°€ í™œë™ì„ ì¦ê¸°ë‹¤,enjoy leisure activities
ğŸ‡¬ğŸ‡§ TC4,B8 - ì—¬ê°€ ìƒí™œ,ì·¨ë¯¸ í™œë™ì„ í•˜ë‹¤,engage in hobby activities
ğŸ‡¬ğŸ‡§ TC4,B8 - ì—¬ê°€ ìƒí™œ,ë¬¸í™”ìƒí™œì„ í•˜ë‹¤,enjoy cultural life
ğŸ‡¬ğŸ‡§ TC4,B8 - ì—¬ê°€ ìƒí™œ,ì—¬ê°€ ì‹œì„¤,leisure facilities
ğŸ‡¬ğŸ‡§ TC4,B8 - ì—¬ê°€ ìƒí™œ,ì—¬ê°€ ë¬¸í™”,leisure culture
ğŸ‡¬ğŸ‡§ TC4,B8 - ì—¬ê°€ ìƒí™œ,ì—¬ê°€ë¥¼ ì¦ê¸°ë‹¤,enjoy leisure time
ğŸ‡¬ğŸ‡§ TC4,B8 - ì—¬ê°€ ìƒí™œ,íœ´ì‹ì„ ì·¨í•˜ë‹¤,take a rest
ğŸ‡¬ğŸ‡§ TC4,B8 - ì—¬ê°€ ìƒí™œ,ì—¬ê°€ ì‹œê°„ì„ ë³´ë‚´ë‹¤,spend leisure time
ğŸ‡¬ğŸ‡§ TC4,B8 - ì—¬ê°€ ìƒí™œ,ì‹œê°„ì„ ë‚´ë‹¤,make time
ğŸ‡¬ğŸ‡§ TC4,B8 - ì—¬ê°€ ìƒí™œ,íˆ¬ìí•˜ë‹¤,to invest
ğŸ‡¬ğŸ‡§ TC4,B8 - ì—¬ê°€ ìƒí™œ,ì°½ì˜ì ,creative
ğŸ‡¬ğŸ‡§ TC4,B8 - ì—¬ê°€ ìƒí™œ,ì •ì‹ ì ,mental / spiritual
ğŸ‡¬ğŸ‡§ TC4,B8 - ì—¬ê°€ ìƒí™œ,í™œê¸°ì°¨ë‹¤,lively / energetic
ğŸ‡¬ğŸ‡§ TC4,B8 - ì—¬ê°€ ìƒí™œ,ì¬ì¶©ì „í•˜ë‹¤,to recharge
ğŸ‡¬ğŸ‡§ TC4,B8 - ì—¬ê°€ ìƒí™œ,í™œë ¥ì†Œê°€ ë˜ë‹¤,be a source of energy
ğŸ‡¬ğŸ‡§ TC4,B8 - ì—¬ê°€ ìƒí™œ,í™œë ¥ì„ ì£¼ë‹¤,give vitality / energy
ğŸ‡¬ğŸ‡§ TC4,B8 - ì—¬ê°€ ìƒí™œ,ìê¸° ê³„ë°œ,self-development
ğŸ‡¬ğŸ‡§ TC4,B8 - ì—¬ê°€ ìƒí™œ,ì²´ë ¥ì„ í‚¤ìš°ë‹¤,build up physical strength
ğŸ‡¬ğŸ‡§ TC4,B8 - ì—¬ê°€ ìƒí™œ,ì•Œì°¨ë‹¤,fruitful / meaningful / solid
ğŸ‡¬ğŸ‡§ TC4,B8 - ì—¬ê°€ ìƒí™œ,í™œìš©í•˜ë‹¤,utilize / make use of
ğŸ‡¬ğŸ‡§ TC4,B9 - ì§ì¥,ì…ì‚¬,joining a company
ğŸ‡¬ğŸ‡§ TC4,B9 - ì§ì¥,í‡´ì‚¬,leaving a company
ğŸ‡¬ğŸ‡§ TC4,B9 - ì§ì¥,ìŠ¹ì§„,promotion
ğŸ‡¬ğŸ‡§ TC4,B9 - ì§ì¥,ì¶œì¥,business trip
ğŸ‡¬ğŸ‡§ TC4,B9 - ì§ì¥,ì „ê·¼,transfer (to another office)
ğŸ‡¬ğŸ‡§ TC4,B9 - ì§ì¥,ì´ì§,changing jobs
ğŸ‡¬ğŸ‡§ TC4,B9 - ì§ì¥,(íšŒì‚¬ë¥¼) ì˜®ê¸°ë‹¤,move to another company
ğŸ‡¬ğŸ‡§ TC4,B9 - ì§ì¥,(íšŒì‚¬ë¥¼) ê·¸ë§Œë‘ë‹¤,quit a company
ğŸ‡¬ğŸ‡§ TC4,B9 - ì§ì¥,ì •ë…„í‡´ì§,retirement (due to age limit)
ğŸ‡¬ğŸ‡§ TC4,B9 - ì§ì¥,ì‚¬ì§ì„œ,resignation letter
ğŸ‡¬ğŸ‡§ TC4,B9 - ì§ì¥,í‡´ì§ê¸ˆ,severance pay / retirement pension
ğŸ‡¬ğŸ‡§ TC4,B9 - ì§ì¥,ì¶œê·¼,going to work
ğŸ‡¬ğŸ‡§ TC4,B9 - ì§ì¥,í‡´ê·¼,leaving work / finishing work
ğŸ‡¬ğŸ‡§ TC4,B9 - ì§ì¥,ì™¸ê·¼,outside work / field work
ğŸ‡¬ğŸ‡§ TC4,B9 - ì§ì¥,ê²°ê·¼,absence from work
ğŸ‡¬ğŸ‡§ TC4,B9 - ì§ì¥,ì¡°í‡´,leaving work early
ğŸ‡¬ğŸ‡§ TC4,B9 - ì§ì¥,ì•¼ê·¼,night shift / overtime work
ğŸ‡¬ğŸ‡§ TC4,B9 - ì§ì¥,ê·¼ë¬´ì‹œê°„,working hours
ğŸ‡¬ğŸ‡§ TC4,B9 - ì§ì¥,ì§€ê°,being late / lateness
ğŸ‡¬ğŸ‡§ TC4,B9 - ì§ì¥,ìƒì‚¬,boss / superior
ğŸ‡¬ğŸ‡§ TC4,B9 - ì§ì¥,ë¶€í•˜ ì§ì›,subordinate
ğŸ‡¬ğŸ‡§ TC4,B9 - ì§ì¥,ë™ë£Œ,colleague / coworker
ğŸ‡¬ğŸ‡§ TC4,B9 - ì§ì¥,ì—°ë´‰,annual salary
ğŸ‡¬ğŸ‡§ TC4,B9 - ì§ì¥,ì›”ê¸‰,monthly salary
ğŸ‡¬ğŸ‡§ TC4,B9 - ì§ì¥,ëŒ€ê¸°ì—…,large corporation / conglomerate
ğŸ‡¬ğŸ‡§ TC4,B9 - ì§ì¥,ì¤‘ì†Œê¸°ì—…,small and medium-sized enterprise
ğŸ‡¬ğŸ‡§ TC4,B9 - ì§ì¥,ë¬´ì—­ íšŒì‚¬,trading company
ğŸ‡¬ğŸ‡§ TC4,B9 - ì§ì¥,ê±´ì„¤ íšŒì‚¬,construction company
ğŸ‡¬ğŸ‡§ TC4,B9 - ì§ì¥,ìë™ì°¨ íšŒì‚¬,automobile company
ğŸ‡¬ğŸ‡§ TC4,B9 - ì§ì¥,ì¦ê¶ŒíšŒì‚¬,securities company
ğŸ‡¬ğŸ‡§ TC4,B9 - ì§ì¥,ë³´í—˜íšŒì‚¬,insurance company
ğŸ‡¬ğŸ‡§ TC4,B9 - ì§ì¥,IT íšŒì‚¬,IT company
ğŸ‡¬ğŸ‡§ TC4,B9 - ì§ì¥,ê°€ì „ì œí’ˆ íšŒì‚¬,home appliance company
ğŸ‡¬ğŸ‡§ TC4,B9 - ì§ì¥,ì´ë¬´ë¶€,general affairs department
ğŸ‡¬ğŸ‡§ TC4,B9 - ì§ì¥,ìˆ˜ë‹¹,allowance / extra pay
ğŸ‡¬ğŸ‡§ TC4,B9 - ì§ì¥,ë³´ë„ˆìŠ¤,bonus
ğŸ‡¬ğŸ‡§ TC4,B9 - ì§ì¥,ê²½ë¦¬ë¶€,accounting department
ğŸ‡¬ğŸ‡§ TC4,B9 - ì§ì¥,ì¸ì‚¬ë¶€,HR (Human Resources) department
ğŸ‡¬ğŸ‡§ TC4,B9 - ì§ì¥,ì—…ë¬´ë¶€,business/operations department
ğŸ‡¬ğŸ‡§ TC4,B9 - ì§ì¥,ë¬´ì—­ë¶€,trade department
ğŸ‡¬ğŸ‡§ TC4,B9 - ì§ì¥,íšŒì¥,Chairman
ğŸ‡¬ğŸ‡§ TC4,B9 - ì§ì¥,ì‚¬ì¥,President / CEO
ğŸ‡¬ğŸ‡§ TC4,B9 - ì§ì¥,ë¶€ì‚¬ì¥,Vice President
ğŸ‡¬ğŸ‡§ TC4,B9 - ì§ì¥,ì „ë¬´,Senior Managing Director
ğŸ‡¬ğŸ‡§ TC4,B9 - ì§ì¥,ìƒë¬´,Managing Director
ğŸ‡¬ğŸ‡§ TC4,B9 - ì§ì¥,ì´ì‚¬,Director / Board Member
ğŸ‡¬ğŸ‡§ TC4,B9 - ì§ì¥,ë¶€ì¥,Department Head / Manager
ğŸ‡¬ğŸ‡§ TC4,B9 - ì§ì¥,ì°¨ì¥,Deputy General Manager
ğŸ‡¬ğŸ‡§ TC4,B9 - ì§ì¥,ê³¼ì¥,Section Manager
ğŸ‡¬ğŸ‡§ TC4,B9 - ì§ì¥,ëŒ€ë¦¬,Assistant Manager
ğŸ‡¬ğŸ‡§ TC4,B9 - ì§ì¥,ì‚¬ì›,Staff / Employee
ğŸ‡¬ğŸ‡§ TC4,B9 - ì§ì¥,ì˜ì—…ë¶€,sales department
ğŸ‡¬ğŸ‡§ TC4,B9 - ì§ì¥,í’ˆì§ˆê´€ë¦¬ë¶€,quality control department
ğŸ‡¬ğŸ‡§ TC4,B9 - ì§ì¥,ìƒì‚°ë¶€,production department
ğŸ‡¬ğŸ‡§ TC4,B9 - ì§ì¥,ìŠ¤íŠ¸ë ˆìŠ¤ë¥¼ ë°›ë‹¤,get stressed
ğŸ‡¬ğŸ‡§ TC4,B9 - ì§ì¥,ìŠ¤íŠ¸ë ˆìŠ¤ë¥¼ ì£¼ë‹¤,give stress
ğŸ‡¬ğŸ‡§ TC4,B9 - ì§ì¥,ìŠ¤íŠ¸ë ˆìŠ¤ë¥¼ í’€ë‹¤,relieve stress
ğŸ‡¬ğŸ‡§ TC4,B9 - ì§ì¥,ìŠ¤íŠ¸ë ˆìŠ¤ê°€ ìŒ“ì´ë‹¤,stress builds up
ğŸ‡¬ğŸ‡§ TC4,B9 - ì§ì¥,ìŠ¤íŠ¸ë ˆìŠ¤ê°€ í’€ë¦¬ë‹¤,stress is relieved
ğŸ‡¬ğŸ‡§ TC4,B9 - ì§ì¥,ê²½ì˜ë¥¼ í‘œí•˜ë‹¤,show respect / pay tribute
ğŸ‡¬ğŸ‡§ TC4,B9 - ì§ì¥,êµ¬ë‚´ì‹ë‹¹,cafeteria / canteen
ğŸ‡¬ğŸ‡§ TC4,B9 - ì§ì¥,ë˜ë˜,peers / age group
ğŸ‡¬ğŸ‡§ TC4,B9 - ì§ì¥,ë˜ë°•ë˜ë°•,clearly / articulately
ğŸ‡¬ğŸ‡§ TC4,B9 - ì§ì¥,ìê¸° ê³„ë°œ,self-development
ğŸ‡¬ğŸ‡§ TC4,B9 - ì§ì¥,ì „ê³µì„ ì‚´ë¦¬ë‹¤,make use of one's major
ğŸ‡¬ğŸ‡§ TC4,B9 - ì§ì¥,êµ½íˆë‹¤,to bend / yield
ğŸ‡¬ğŸ‡§ TC4,B9 - ì§ì¥,ë¹„ëš¤ì–´ì§€ë‹¤,be crooked / slanted / go wrong
ğŸ‡¬ğŸ‡§ TC4,B9 - ì§ì¥,ì •ì„±ì„ ë‹¤í•˜ë‹¤,do one's best / put one's heart into
ğŸ‡¬ğŸ‡§ TC4,B9 - ì§ì¥,ê¹Œë‹¤ë¡­ë‹¤,picky / fastidious / difficult
ğŸ‡¬ğŸ‡§ TC4,B9 - ì§ì¥,ì†Œìš©ì—†ë‹¤,useless / pointess
ğŸ‡¬ğŸ‡§ TC4,B9 - ì§ì¥,(íšŒì‚¬ë¥¼) ì°¨ë¦¬ë‹¤,start a company
ğŸ‡¬ğŸ‡§ TC4,B10 - ì ˆì•½,ì ˆì•½í•˜ë‹¤,to save / economize
ğŸ‡¬ğŸ‡§ TC4,B10 - ì ˆì•½,ì•„ë¼ë‹¤,save / cherish / be frugal with
ğŸ‡¬ğŸ‡§ TC4,B10 - ì ˆì•½,ëª¨ìœ¼ë‹¤,collect / gather / save up
ğŸ‡¬ğŸ‡§ TC4,B10 - ì ˆì•½,ì €ì¶•,savings
ğŸ‡¬ğŸ‡§ TC4,B10 - ì ˆì•½,ì ê¸ˆ,installment savings
ğŸ‡¬ğŸ‡§ TC4,B10 - ì ˆì•½,ì €ê¸ˆí†µ,piggy bank
ğŸ‡¬ğŸ‡§ TC4,B10 - ì ˆì•½,ëª©ëˆ,large sum of money
ğŸ‡¬ğŸ‡§ TC4,B10 - ì ˆì•½,í‘¼ëˆ,small change / pocket money
ğŸ‡¬ğŸ‡§ TC4,B10 - ì ˆì•½,ì¤‘ê³ í’ˆ,used item / second-hand
ğŸ‡¬ğŸ‡§ TC4,B10 - ì ˆì•½,í—Œì±…ë°©,second-hand bookstore
ğŸ‡¬ğŸ‡§ TC4,B10 - ì ˆì•½,ì¬í™œìš©í’ˆ ì„¼í„°,recycling center
ğŸ‡¬ğŸ‡§ TC4,B10 - ì ˆì•½,êµ¬ë‘ì‡ ,miser / stingy person
ğŸ‡¬ğŸ‡§ TC4,B10 - ì ˆì•½,ê²€ì†Œí•˜ë‹¤,frugal / thrifty / simple
ğŸ‡¬ğŸ‡§ TC4,B10 - ì ˆì•½,ì•Œëœ°í•˜ë‹¤,frugal / sensible with money
ğŸ‡¬ğŸ‡§ TC4,B10 - ì ˆì•½,ì—ë„ˆì§€ ì ˆì•½,energy saving
ğŸ‡¬ğŸ‡§ TC4,B10 - ì ˆì•½,ìì› ì ˆì•½,resource saving
ğŸ‡¬ğŸ‡§ TC4,B10 - ì ˆì•½,ì ˆì•½ ì •ì‹ ,spirit of frugality
ğŸ‡¬ğŸ‡§ TC4,B10 - ì ˆì•½,ì‹œê°„ ì ˆì•½,time saving
ğŸ‡¬ğŸ‡§ TC4,B10 - ì ˆì•½,ëˆì„ ì“°ë‹¤,spend money
ğŸ‡¬ğŸ‡§ TC4,B10 - ì ˆì•½,ì†Œë¹„í•˜ë‹¤,to consume
ğŸ‡¬ğŸ‡§ TC4,B10 - ì ˆì•½,ë‚­ë¹„í•˜ë‹¤,to waste
ğŸ‡¬ğŸ‡§ TC4,B10 - ì ˆì•½,ê³¼ì†Œë¹„,overspending
ğŸ‡¬ğŸ‡§ TC4,B10 - ì ˆì•½,ì¶©ë™êµ¬ë§¤,impulse buying
ğŸ‡¬ğŸ‡§ TC4,B10 - ì ˆì•½,êµ¬ì…í•˜ë‹¤,to purchase
ğŸ‡¬ğŸ‡§ TC4,B10 - ì ˆì•½,ì†Œë¹„ì,consumer
ğŸ‡¬ğŸ‡§ TC4,B10 - ì ˆì•½,ë¬¼ê°€,cost of living / prices
ğŸ‡¬ğŸ‡§ TC4,B10 - ì ˆì•½,ëˆì„ í‘í‘ ì“°ë‹¤,spend money lavishly
ğŸ‡¬ğŸ‡§ TC4,B10 - ì ˆì•½,ëˆì„ ë¬¼ ì“°ë“¯ í•˜ë‹¤,spend money like water
ğŸ‡¬ğŸ‡§ TC4,B10 - ì ˆì•½,ë°‘ ë¹ ì§„ ë…ì— ë¬¼ ë¶“ê¸°,pouring water into a leaking pot (futile)
ğŸ‡¬ğŸ‡§ TC4,B10 - ì ˆì•½,ì†Œë¹„ ì ˆì•½,saving on consumption
ğŸ‡¬ğŸ‡§ TC4,B10 - ì ˆì•½,ì‹ë¹„,food expenses
ğŸ‡¬ğŸ‡§ TC4,B10 - ì ˆì•½,ì™¸ì‹ë¹„,dining-out expenses
ğŸ‡¬ğŸ‡§ TC4,B10 - ì ˆì•½,ë¬¸í™”Â·ë ˆì €ë¹„,culture and leisure expenses
ğŸ‡¬ğŸ‡§ TC4,B10 - ì ˆì•½,ìœ¡ì•„Â·êµìœ¡ë¹„,childcare and education expenses
ğŸ‡¬ğŸ‡§ TC4,B10 - ì ˆì•½,ê²½ì¡°ì‚¬ë¹„,expenses for family events (weddings/funerals)
ğŸ‡¬ğŸ‡§ TC4,B10 - ì ˆì•½,ì„¸ê¸ˆ,tax
ğŸ‡¬ğŸ‡§ TC4,B10 - ì ˆì•½,ê³µê³¼ê¸ˆ,utility bills
ğŸ‡¬ğŸ‡§ TC4,B10 - ì ˆì•½,ì˜ë£Œë¹„,medical expenses
ğŸ‡¬ğŸ‡§ TC4,B10 - ì ˆì•½,ê°€ê³„ë¶€,household account book
ğŸ‡¬ğŸ‡§ TC4,B10 - ì ˆì•½,ìˆ˜ì…,income
ğŸ‡¬ğŸ‡§ TC4,B10 - ì ˆì•½,ì§€ì¶œ,expenditure / spending
ğŸ‡¬ğŸ‡§ TC4,B10 - ì ˆì•½,ì”ì•¡,balance (remaining money)
ğŸ‡¬ğŸ‡§ TC4,B10 - ì ˆì•½,ì¼ì‹œë¶ˆ,one-time payment / lump sum
ğŸ‡¬ğŸ‡§ TC4,B10 - ì ˆì•½,í• ë¶€,installment plan
ğŸ‡¬ğŸ‡§ TC4,B10 - ì ˆì•½,ë¬´ì´ì í• ë¶€,interest-free installment
ğŸ‡¬ğŸ‡§ TC4,B10 - ì ˆì•½,ê²°ì œí•˜ë‹¤,to pay / settle a bill
ğŸ‡¬ğŸ‡§ TC4,B10 - ì ˆì•½,ê²°ì œ ëŒ€ê¸ˆ,payment amount
ğŸ‡¬ğŸ‡§ TC4,B10 - ì ˆì•½,í•œë„ ì´ˆê³¼,over the limit
ğŸ‡¬ğŸ‡§ TC4,B11 - ê²°í˜¼,ê²°í˜¼,marriage / wedding
ğŸ‡¬ğŸ‡§ TC4,B11 - ê²°í˜¼,í˜¼ì¸,marriage
ğŸ‡¬ğŸ‡§ TC4,B11 - ê²°í˜¼,ì—°ì• ê²°í˜¼,love marriage
ğŸ‡¬ğŸ‡§ TC4,B11 - ê²°í˜¼,ì¤‘ë§¤ê²°í˜¼,arranged marriage
ğŸ‡¬ğŸ‡§ TC4,B11 - ê²°í˜¼,ë¯¸í˜¼,single / unmarried
ğŸ‡¬ğŸ‡§ TC4,B11 - ê²°í˜¼,ê¸°í˜¼,married
ğŸ‡¬ğŸ‡§ TC4,B11 - ê²°í˜¼,ë…ì‹ ,single / celibate
ğŸ‡¬ğŸ‡§ TC4,B11 - ê²°í˜¼,ì´í˜¼,divorce
ğŸ‡¬ğŸ‡§ TC4,B11 - ê²°í˜¼,ê²°í˜¼ê´€,view on marriage
ğŸ‡¬ğŸ‡§ TC4,B11 - ê²°í˜¼,í˜¼ìˆ˜,marriage articles / trousseau
ğŸ‡¬ğŸ‡§ TC4,B11 - ê²°í˜¼,ì´ìƒí˜•,ideal type
ğŸ‡¬ğŸ‡§ TC4,B11 - ê²°í˜¼,ë°°ìš°ì,spouse
ğŸ‡¬ğŸ‡§ TC4,B11 - ê²°í˜¼,ì‹ ë‘ê°,groom prospect
ğŸ‡¬ğŸ‡§ TC4,B11 - ê²°í˜¼,ì‹ ë¶“ê°,bride prospect
ğŸ‡¬ğŸ‡§ TC4,B11 - ê²°í˜¼,ì„/ë¥¼ ì‚¬ê·€ë‹¤,to date / see someone
ğŸ‡¬ğŸ‡§ TC4,B11 - ê²°í˜¼,ë§ì„ ì„ ë³´ë‹¤,go on an arranged date
ğŸ‡¬ğŸ‡§ TC4,B11 - ê²°í˜¼,ë°ì´íŠ¸ë¥¼ í•˜ë‹¤,go on a date
ğŸ‡¬ğŸ‡§ TC4,B11 - ê²°í˜¼,ì‚¬ë‘í•˜ë‹¤,to love
ğŸ‡¬ğŸ‡§ TC4,B11 - ê²°í˜¼,ìƒê²¬ë¡€,formal meeting between families
ğŸ‡¬ğŸ‡§ TC4,B11 - ê²°í˜¼,ì˜ˆì‹ì¥,wedding hall
ğŸ‡¬ğŸ‡§ TC4,B11 - ê²°í˜¼,ì²­ì²©ì¥,wedding invitation
ğŸ‡¬ğŸ‡§ TC4,B11 - ê²°í˜¼,ì¶•ì˜ê¸ˆ,wedding gift money
ğŸ‡¬ğŸ‡§ TC4,B11 - ê²°í˜¼,ì‹ ë‘,groom
ğŸ‡¬ğŸ‡§ TC4,B11 - ê²°í˜¼,ì‹ ë¶€,bride
ğŸ‡¬ğŸ‡§ TC4,B11 - ê²°í˜¼,ì£¼ë¡€,officiant
ğŸ‡¬ğŸ‡§ TC4,B11 - ê²°í˜¼,ì£¼ë¡€ì‚¬,wedding speech (by officiant)
ğŸ‡¬ğŸ‡§ TC4,B11 - ê²°í˜¼,íë°±,traditional ceremony (bowing to groom's family)
ğŸ‡¬ğŸ‡§ TC4,B11 - ê²°í˜¼,í”¼ë¡œì—°,wedding reception
ğŸ‡¬ğŸ‡§ TC4,B11 - ê²°í˜¼,í•˜ê°,wedding guests
ğŸ‡¬ğŸ‡§ TC4,B11 - ê²°í˜¼,ì‹ í˜¼ì—¬í–‰,honeymoon
ğŸ‡¬ğŸ‡§ TC4,B11 - ê²°í˜¼,ì¥ì¸,father-in-law (wife's father)
ğŸ‡¬ğŸ‡§ TC4,B11 - ê²°í˜¼,ì¥ëª¨,mother-in-law (wife's mother)
ğŸ‡¬ğŸ‡§ TC4,B11 - ê²°í˜¼,ì‹œì•„ë²„ì§€,father-in-law (husband's father)
ğŸ‡¬ğŸ‡§ TC4,B11 - ê²°í˜¼,ì‹œì–´ë¨¸ë‹ˆ,mother-in-law (husband's mother)
ğŸ‡¬ğŸ‡§ TC4,B11 - ê²°í˜¼,ì‹œëŒ,husband's family home
ğŸ‡¬ğŸ‡§ TC4,B11 - ê²°í˜¼,ì¹œì •,bride's family home
ğŸ‡¬ğŸ‡§ TC4,B11 - ê²°í˜¼,ìœ¡ì•„,childcare / parenting
ğŸ‡¬ğŸ‡§ TC4,B11 - ê²°í˜¼,ê°€ì‚¬,housework
ğŸ‡¬ğŸ‡§ TC4,B11 - ê²°í˜¼,ìë…€ë¥¼ ì–‘ìœ¡í•˜ë‹¤,raise/nurture children
ğŸ‡¬ğŸ‡§ TC4,B11 - ê²°í˜¼,ë‚³ë‹¤,give birth
ğŸ‡¬ğŸ‡§ TC4,B11 - ê²°í˜¼,ê¸°ë¥´ë‹¤,raise / bring up
ğŸ‡¬ğŸ‡§ TC4,B11 - ê²°í˜¼,ì¶œì‚°í•˜ë‹¤,give birth
ğŸ‡¬ğŸ‡§ TC4,B12 - ì‚¬ê±´ê³¼ ì‚¬ê³ ,ì§‘ì¤‘í˜¸ìš°,localized torrential rain
ğŸ‡¬ğŸ‡§ TC4,B12 - ì‚¬ê±´ê³¼ ì‚¬ê³ ,ì‹ ê³ í•˜ë‹¤,to report
ğŸ‡¬ğŸ‡§ TC4,B12 - ì‚¬ê±´ê³¼ ì‚¬ê³ ,ìì—°ì¬í•´,natural disaster
ğŸ‡¬ğŸ‡§ TC4,B12 - ì‚¬ê±´ê³¼ ì‚¬ê³ ,ì¸ëª… í”¼í•´,human casualties
ğŸ‡¬ğŸ‡§ TC4,B12 - ì‚¬ê±´ê³¼ ì‚¬ê³ ,ì‘ê¸‰ì²˜ì¹˜,first aid
ğŸ‡¬ğŸ‡§ TC4,B12 - ì‚¬ê±´ê³¼ ì‚¬ê³ ,êµ¬ì¡°ëŒ€ì›,rescue worker
ğŸ‡¬ğŸ‡§ TC4,B12 - ì‚¬ê±´ê³¼ ì‚¬ê³ ,êµ¬ì¡°í•˜ë‹¤,to rescue
ğŸ‡¬ğŸ‡§ TC4,B12 - ì‚¬ê±´ê³¼ ì‚¬ê³ ,ì‚¬ê±´ì´ ë°œìƒí•˜ë‹¤,incident occurs
ğŸ‡¬ğŸ‡§ TC4,B12 - ì‚¬ê±´ê³¼ ì‚¬ê³ ,ì‚¬ê±´ì„ í•´ê²°í•˜ë‹¤,solve a case/incident
ğŸ‡¬ğŸ‡§ TC4,B12 - ì‚¬ê±´ê³¼ ì‚¬ê³ ,ì•ˆì „ì‚¬ê³ ,safety accident (due to negligence)
ğŸ‡¬ğŸ‡§ TC4,B12 - ì‚¬ê±´ê³¼ ì‚¬ê³ ,êµí†µì‚¬ê³ ,traffic accident
ğŸ‡¬ğŸ‡§ TC4,B12 - ì‚¬ê±´ê³¼ ì‚¬ê³ ,ì¸ëª… ì‚¬ê³ ,fatal accident / personal injury
ğŸ‡¬ğŸ‡§ TC4,B12 - ì‚¬ê±´ê³¼ ì‚¬ê³ ,ëŒ€í˜• ì‚¬ê³ ,major accident
ğŸ‡¬ğŸ‡§ TC4,B12 - ì‚¬ê±´ê³¼ ì‚¬ê³ ,ê³¼ì† ìš´ì „,speeding
ğŸ‡¬ğŸ‡§ TC4,B12 - ì‚¬ê±´ê³¼ ì‚¬ê³ ,í™”ì¬ê°€ ë‚˜ë‹¤,fire breaks out
ğŸ‡¬ğŸ‡§ TC4,B12 - ì‚¬ê±´ê³¼ ì‚¬ê³ ,í™”ì¬ê°€ ë°œìƒí•˜ë‹¤,fire occurs
ğŸ‡¬ğŸ‡§ TC4,B12 - ì‚¬ê±´ê³¼ ì‚¬ê³ ,ì‚¬ê³ ê°€ ë‚˜ë‹¤,accident happens
ğŸ‡¬ğŸ‡§ TC4,B12 - ì‚¬ê±´ê³¼ ì‚¬ê³ ,ì‚¬ê³ ë¥¼ ë‹¹í•˜ë‹¤,get into an accident
ğŸ‡¬ğŸ‡§ TC4,B12 - ì‚¬ê±´ê³¼ ì‚¬ê³ ,ë–¨ì–´ì§€ë‹¤,fall
ğŸ‡¬ğŸ‡§ TC4,B12 - ì‚¬ê±´ê³¼ ì‚¬ê³ ,ë¯¸ë„ëŸ¬ì§€ë‹¤,slip
ğŸ‡¬ğŸ‡§ TC4,B12 - ì‚¬ê±´ê³¼ ì‚¬ê³ ,(ë¬¼ì—) ë¹ ì§€ë‹¤,fall into (water)
ğŸ‡¬ğŸ‡§ TC4,B12 - ì‚¬ê±´ê³¼ ì‚¬ê³ ,ì‹¤ì¢…ë˜ë‹¤,go missing
ğŸ‡¬ğŸ‡§ TC4,B12 - ì‚¬ê±´ê³¼ ì‚¬ê³ ,ë¶€ë”ªíˆë‹¤,bump into / collide
ğŸ‡¬ğŸ‡§ TC4,B12 - ì‚¬ê±´ê³¼ ì‚¬ê³ ,ì†ë³´,breaking news
ğŸ‡¬ğŸ‡§ TC4,B12 - ì‚¬ê±´ê³¼ ì‚¬ê³ ,í”¼í•´ì,victim
ğŸ‡¬ğŸ‡§ TC4,B12 - ì‚¬ê±´ê³¼ ì‚¬ê³ ,ì£¼ìš” ë‰´ìŠ¤,main news
ğŸ‡¬ğŸ‡§ TC4,B12 - ì‚¬ê±´ê³¼ ì‚¬ê³ ,í”¼ì˜ì,suspect
ğŸ‡¬ğŸ‡§ TC4,B12 - ì‚¬ê±´ê³¼ ì‚¬ê³ ,ì•„ë‚˜ìš´ì„œ,announcer
ğŸ‡¬ğŸ‡§ TC4,B12 - ì‚¬ê±´ê³¼ ì‚¬ê³ ,ëª©ê²©ì,witness
ğŸ‡¬ğŸ‡§ TC4,B12 - ì‚¬ê±´ê³¼ ì‚¬ê³ ,ê¸°ì,reporter / journalist
ğŸ‡¬ğŸ‡§ TC4,B12 - ì‚¬ê±´ê³¼ ì‚¬ê³ ,ì‚¬ë§ì,deceased / dead person
ğŸ‡¬ğŸ‡§ TC4,B12 - ì‚¬ê±´ê³¼ ì‚¬ê³ ,ë¶€ìƒì,injured person
ğŸ‡¬ğŸ‡§ TC4,B12 - ì‚¬ê±´ê³¼ ì‚¬ê³ ,ì‹¤ì¢…ì,missing person
ğŸ‡¬ğŸ‡§ TC4,B12 - ì‚¬ê±´ê³¼ ì‚¬ê³ ,ì‚¬ê±´/ì‚¬ê³  í˜„ì¥,scene of the incident/accident
ğŸ‡¬ğŸ‡§ TC4,B12 - ì‚¬ê±´ê³¼ ì‚¬ê³ ,ë³´ë„í•˜ë‹¤,to report (news)
ğŸ‡¬ğŸ‡§ TC4,B12 - ì‚¬ê±´ê³¼ ì‚¬ê³ ,ì¡°ì‚¬í•˜ë‹¤,investigate
ğŸ‡¬ğŸ‡§ TC4,B12 - ì‚¬ê±´ê³¼ ì‚¬ê³ ,ìœ„ë°˜í•˜ë‹¤,violate
ğŸ‡¬ğŸ‡§ TC4,B13 - êµìœ¡ì œë„,ì´ˆë“±êµìœ¡,elementary education
ğŸ‡¬ğŸ‡§ TC4,B13 - êµìœ¡ì œë„,ì¤‘ë“±êµìœ¡,secondary education (middle school)
ğŸ‡¬ğŸ‡§ TC4,B13 - êµìœ¡ì œë„,ê³ ë“±êµìœ¡,"high school education (literally ""higher"")"
ğŸ‡¬ğŸ‡§ TC4,B13 - êµìœ¡ì œë„,êµ­ë¦½í•™êµ,national school
ğŸ‡¬ğŸ‡§ TC4,B13 - êµìœ¡ì œë„,ê³µë¦½í•™êµ,public school
ğŸ‡¬ğŸ‡§ TC4,B13 - êµìœ¡ì œë„,ì‚¬ë¦½í•™êµ,private school
ğŸ‡¬ğŸ‡§ TC4,B13 - êµìœ¡ì œë„,ì˜ë¬´êµìœ¡,compulsory education
ğŸ‡¬ğŸ‡§ TC4,B13 - êµìœ¡ì œë„,ê³µêµìœ¡,public education
ğŸ‡¬ğŸ‡§ TC4,B13 - êµìœ¡ì œë„,ì‚¬êµìœ¡,private education / shadow education
ğŸ‡¬ğŸ‡§ TC4,B13 - êµìœ¡ì œë„,ëŒ€í•™ìˆ˜í•™ëŠ¥ë ¥ì‹œí—˜,CSAT (College Scholastic Ability Test)
ğŸ‡¬ğŸ‡§ TC4,B13 - êµìœ¡ì œë„,ê²€ì •ê³ ì‹œ,qualification exam (GED)
ğŸ‡¬ğŸ‡§ TC4,B13 - êµìœ¡ì œë„,ë‚´ì‹  ì„±ì ,school academic record (GPA)
ğŸ‡¬ğŸ‡§ TC4,B13 - êµìœ¡ì œë„,ë…¼ìˆ  ê³ ì‚¬,essay test
ğŸ‡¬ğŸ‡§ TC4,B13 - êµìœ¡ì œë„,ì‹¬ì¸µ ë©´ì ‘,in-depth interview
ğŸ‡¬ğŸ‡§ TC4,B13 - êµìœ¡ì œë„,íŠ¹ë³„ ì „í˜•,special admission
ğŸ‡¬ğŸ‡§ TC4,B13 - êµìœ¡ì œë„,ì •ì‹œ/ ìˆ˜ì‹œ,regular / early admission
ğŸ‡¬ğŸ‡§ TC4,B13 - êµìœ¡ì œë„,í•™ìƒ ìƒí™œê¸°ë¡ë¶€,student record book
ğŸ‡¬ğŸ‡§ TC4,B13 - êµìœ¡ì œë„,ì…í•™ì‚¬ì •ê´€,admissions officer
ğŸ‡¬ğŸ‡§ TC4,B13 - êµìœ¡ì œë„,ì¡°ê¸°êµìœ¡,early education
ğŸ‡¬ğŸ‡§ TC4,B13 - êµìœ¡ì œë„,ì˜ì¬êµìœ¡,gifted education
ğŸ‡¬ğŸ‡§ TC4,B13 - êµìœ¡ì œë„,íŠ¹ìˆ˜êµìœ¡,special education
ğŸ‡¬ğŸ‡§ TC4,B13 - êµìœ¡ì œë„,ì˜¨ë¼ì¸êµìœ¡,online education
ğŸ‡¬ğŸ‡§ TC4,B13 - êµìœ¡ì œë„,í‰ìƒêµìœ¡,lifelong education
ğŸ‡¬ğŸ‡§ TC4,B13 - êµìœ¡ì œë„,í•™ì›/ê³¼ì™¸,academy / private tutoring
ğŸ‡¬ğŸ‡§ TC4,B13 - êµìœ¡ì œë„,ë†€ì´ë°©,playroom / nursery
ğŸ‡¬ğŸ‡§ TC4,B13 - êµìœ¡ì œë„,ìœ ì¹˜ì›,kindergarten
ğŸ‡¬ğŸ‡§ TC4,B13 - êµìœ¡ì œë„,ì „ë¬¸ëŒ€í•™,junior college / technical college
ğŸ‡¬ğŸ‡§ TC4,B13 - êµìœ¡ì œë„,ì‚¬ì´ë²„ ëŒ€í•™êµ,cyber university
ğŸ‡¬ğŸ‡§ TC4,B13 - êµìœ¡ì œë„,ìˆ˜í—˜ìƒ,examinee / student preparing for exam
ğŸ‡¬ğŸ‡§ TC4,B13 - êµìœ¡ì œë„,í•´ì™¸ ìœ í•™,studying abroad
ğŸ‡¬ğŸ‡§ TC4,B13 - êµìœ¡ì œë„,ê°€ì •êµìœ¡,home education
ğŸ‡¬ğŸ‡§ TC4,B13 - êµìœ¡ì œë„,ì„ ë°œí•˜ë‹¤,to select / recruit
ğŸ‡¬ğŸ‡§ TC4,B13 - êµìœ¡ì œë„,ê²½ìŸì´ ì¹˜ì—´í•˜ë‹¤,intense competition
ğŸ‡¬ğŸ‡§ TC4,B13 - êµìœ¡ì œë„,êµìœ¡ì—´ì´ ë†’ë‹¤,high enthusiasm for education
ğŸ‡¬ğŸ‡§ TC4,B14 - ìƒí™œê³¼ í™˜ê²½,ì§€êµ¬ì˜¨ë‚œí™”,global warming
ğŸ‡¬ğŸ‡§ TC4,B14 - ìƒí™œê³¼ í™˜ê²½,í™©ì‚¬,yellow dust
ğŸ‡¬ğŸ‡§ TC4,B14 - ìƒí™œê³¼ í™˜ê²½,ëŒ€ê¸°ì˜¤ì—¼,air pollution
ğŸ‡¬ğŸ‡§ TC4,B14 - ìƒí™œê³¼ í™˜ê²½,ê¸°í›„ë³€í™”,climate change
ğŸ‡¬ğŸ‡§ TC4,B14 - ìƒí™œê³¼ í™˜ê²½,ì‚°ì„±ë¹„,acid rain
ğŸ‡¬ğŸ‡§ TC4,B14 - ìƒí™œê³¼ í™˜ê²½,ìˆ˜ì§ˆì˜¤ì—¼,water pollution
ğŸ‡¬ğŸ‡§ TC4,B14 - ìƒí™œê³¼ í™˜ê²½,ì´ìƒ ê¸°ì˜¨,abnormal temperature
ğŸ‡¬ğŸ‡§ TC4,B14 - ìƒí™œê³¼ í™˜ê²½,ìŠ¤ëª¨ê·¸í˜„ìƒ,smog phenomenon
ğŸ‡¬ğŸ‡§ TC4,B14 - ìƒí™œê³¼ í™˜ê²½,í† ì–‘ì˜¤ì—¼,soil pollution
ğŸ‡¬ğŸ‡§ TC4,B14 - ìƒí™œê³¼ í™˜ê²½,ì˜¤ì—¼ ë¬¼ì§ˆ,pollutant
ğŸ‡¬ğŸ‡§ TC4,B14 - ìƒí™œê³¼ í™˜ê²½,ì“°ë ˆê¸°,trash / waste
ğŸ‡¬ğŸ‡§ TC4,B14 - ìƒí™œê³¼ í™˜ê²½,ìë™ì°¨ ë§¤ì—°,car exhaust
ğŸ‡¬ğŸ‡§ TC4,B14 - ìƒí™œê³¼ í™˜ê²½,ê³µì¥ íìˆ˜,industrial wastewater
ğŸ‡¬ğŸ‡§ TC4,B14 - ìƒí™œê³¼ í™˜ê²½,ì‚°ì—…íê¸°ë¬¼,industrial waste
ğŸ‡¬ğŸ‡§ TC4,B14 - ìƒí™œê³¼ í™˜ê²½,ìƒí™œí•˜ìˆ˜,domestic sewage
ğŸ‡¬ğŸ‡§ TC4,B14 - ìƒí™œê³¼ í™˜ê²½,ì¼íšŒìš©í’ˆ,disposable products
ğŸ‡¬ğŸ‡§ TC4,B14 - ìƒí™œê³¼ í™˜ê²½,í”„ë ˆì˜¨ê°€ìŠ¤,Freon gas
ğŸ‡¬ğŸ‡§ TC4,B14 - ìƒí™œê³¼ í™˜ê²½,ë¶„ë¦¬ ë°°ì¶œ,separate disposal
ğŸ‡¬ğŸ‡§ TC4,B14 - ìƒí™œê³¼ í™˜ê²½,ê·¸ë¦°ë²¨íŠ¸,green belt
ğŸ‡¬ğŸ‡§ TC4,B14 - ìƒí™œê³¼ í™˜ê²½,ì¬í™œìš©í’ˆ,recyclables
ğŸ‡¬ğŸ‡§ TC4,B14 - ìƒí™œê³¼ í™˜ê²½,ì—ë„ˆì§€ ì ˆì•½,energy saving
ğŸ‡¬ğŸ‡§ TC4,B14 - ìƒí™œê³¼ í™˜ê²½,ë¬´ê³µí•´ ì—ë„ˆì§€,pollution-free energy
ğŸ‡¬ğŸ‡§ TC4,B14 - ìƒí™œê³¼ í™˜ê²½,í™˜ê²½ì¹œí™”ì  ì œí’ˆ,eco-friendly product
ğŸ‡¬ğŸ‡§ TC4,B14 - ìƒí™œê³¼ í™˜ê²½,í™˜ê²½ë³´í˜¸ ë‹¨ì²´,environmental protection group
ğŸ‡¬ğŸ‡§ TC4,B14 - ìƒí™œê³¼ í™˜ê²½,ì¸ê°„í™˜ê²½íšŒì˜,Conference on the Human Environment
ğŸ‡¬ğŸ‡§ TC4,B14 - ìƒí™œê³¼ í™˜ê²½,í™˜ê²½ ì§€í‚´ì´,environmental guardian
ğŸ‡¬ğŸ‡§ TC4,B14 - ìƒí™œê³¼ í™˜ê²½,ë¦¬ìš°í™˜ê²½íšŒì˜,Rio Earth Summit
ğŸ‡¬ğŸ‡§ TC4,B15 - ì˜›ë‚ ì´ì•¼ê¸°,ì„¤í™”,tale / narrative
ğŸ‡¬ğŸ‡§ TC4,B15 - ì˜›ë‚ ì´ì•¼ê¸°,ì‹ í™”,myth
ğŸ‡¬ğŸ‡§ TC4,B15 - ì˜›ë‚ ì´ì•¼ê¸°,ì „ì„¤,legend
ğŸ‡¬ğŸ‡§ TC4,B15 - ì˜›ë‚ ì´ì•¼ê¸°,ë¯¼ë‹´,folktale
ğŸ‡¬ğŸ‡§ TC4,B15 - ì˜›ë‚ ì´ì•¼ê¸°,ìš°í™”,fable
ğŸ‡¬ğŸ‡§ TC4,B15 - ì˜›ë‚ ì´ì•¼ê¸°,ë™í™”,fairy tale
ğŸ‡¬ğŸ‡§ TC4,B15 - ì˜›ë‚ ì´ì•¼ê¸°,ê³ ì „ì†Œì„¤,classic novel
ğŸ‡¬ğŸ‡§ TC4,B15 - ì˜›ë‚ ì´ì•¼ê¸°,ë¹„ê·¹,tragedy
ğŸ‡¬ğŸ‡§ TC4,B15 - ì˜›ë‚ ì´ì•¼ê¸°,í¬ê·¹,comedy
ğŸ‡¬ğŸ‡§ TC4,B15 - ì˜›ë‚ ì´ì•¼ê¸°,ì˜ì›…ë‹´,hero story / epic
ğŸ‡¬ğŸ‡§ TC4,B15 - ì˜›ë‚ ì´ì•¼ê¸°,ì§€í˜œë‹´,story of wisdom
ğŸ‡¬ğŸ‡§ TC4,B15 - ì˜›ë‚ ì´ì•¼ê¸°,ë“±ì¥ì¸ë¬¼,characters
ğŸ‡¬ğŸ‡§ TC4,B15 - ì˜›ë‚ ì´ì•¼ê¸°,ì£¼ì¸ê³µ,protagonist / main character
ğŸ‡¬ğŸ‡§ TC4,B15 - ì˜›ë‚ ì´ì•¼ê¸°,íš¨ë…€,filial daughter
ğŸ‡¬ğŸ‡§ TC4,B15 - ì˜›ë‚ ì´ì•¼ê¸°,ì˜ì›…,hero
ğŸ‡¬ğŸ‡§ TC4,B15 - ì˜›ë‚ ì´ì•¼ê¸°,ì—´ë…€,virtuous woman
ğŸ‡¬ğŸ‡§ TC4,B15 - ì˜›ë‚ ì´ì•¼ê¸°,ë°”ë³´,fool
ğŸ‡¬ğŸ‡§ TC4,B15 - ì˜›ë‚ ì´ì•¼ê¸°,ì¥êµ°,general
ğŸ‡¬ğŸ‡§ TC4,B15 - ì˜›ë‚ ì´ì•¼ê¸°,ì–‘ë°˜,yangban (aristocrat)
ğŸ‡¬ğŸ‡§ TC4,B15 - ì˜›ë‚ ì´ì•¼ê¸°,ì„œë¯¼,commoner
ğŸ‡¬ğŸ‡§ TC4,B15 - ì˜›ë‚ ì´ì•¼ê¸°,ì˜¤ëˆ„ì´,brother and sister
ğŸ‡¬ğŸ‡§ TC4,B15 - ì˜›ë‚ ì´ì•¼ê¸°,ìƒˆì–´ë¨¸ë‹ˆ,stepmother
ğŸ‡¬ğŸ‡§ TC4,B15 - ì˜›ë‚ ì´ì•¼ê¸°,ë„ê¹¨ë¹„,dokkaebi (goblin)
ğŸ‡¬ğŸ‡§ TC4,B15 - ì˜›ë‚ ì´ì•¼ê¸°,ì¤„ê±°ë¦¬,plot / synopsis
ğŸ‡¬ğŸ‡§ TC4,B15 - ì˜›ë‚ ì´ì•¼ê¸°,ì£¼ì œ,theme
ğŸ‡¬ğŸ‡§ TC4,B15 - ì˜›ë‚ ì´ì•¼ê¸°,ì†Œì¬,subject matter / material
ğŸ‡¬ğŸ‡§ TC4,B15 - ì˜›ë‚ ì´ì•¼ê¸°,ê²°ë§,ending / conclusion
ğŸ‡¬ğŸ‡§ TC4,B15 - ì˜›ë‚ ì´ì•¼ê¸°,í’ì,satire
ğŸ‡¬ğŸ‡§ TC4,B15 - ì˜›ë‚ ì´ì•¼ê¸°,êµí›ˆ,moral / lesson
ğŸ‡¬ğŸ‡§ TC4,B15 - ì˜›ë‚ ì´ì•¼ê¸°,ê¶Œì„ ì§•ì•…,promoting good and punishing evil
ğŸ‡¬ğŸ‡§ TC4,B15 - ì˜›ë‚ ì´ì•¼ê¸°,ê°ë™ì ì´ë‹¤,moving / touching
ğŸ‡¬ğŸ‡§ TC4,B15 - ì˜›ë‚ ì´ì•¼ê¸°,ì¸ìƒì ì´ë‹¤,impressive